id,firstname,lastname,jobtitle,email,state
1,Carina,Hopkinson,IT Support Staff,Carina_Hopkinson1837@vetan.org,Vermont
2,Jacob,Nicholls,Budget Analyst,Jacob_Nicholls2328@gmail.com,Tennessee
3,Chester,Alexander,Pharmacist,Chester_Alexander2420@joiniaa.com,Colorado
4,Sabrina,Parsons,Biologist,Sabrina_Parsons1572@jiman.org,Michigan
5,Sage,Robinson,Project Manager,Sage_Robinson2861@deavo.com,Alabama
6,Mina,Rivers,Accountant,Mina_Rivers5172@corti.com,Arkansas
7,Luke,Blythe,Audiologist,Luke_Blythe7093@twipet.com,Oklahoma
8,Harmony,Darcy,Production Painter,Harmony_Darcy159@sveldo.biz,Nebraska
9,Marie,Whatson,Bellman,Marie_Whatson3586@qater.org,West Virginia
10,Mike,King,Banker,Mike_King6673@bauros.biz,Louisiana
11,Carmella,Reese,Machine Operator,Carmella_Reese9104@gompie.com,Ohio
12,Ada,Butler,Audiologist,Ada_Butler9716@muall.tech,South Carolina
13,Anthony,Todd,Healthcare Specialist,Anthony_Todd6025@yahoo.com,Massachusetts
14,Maia,Lewis,Restaurant Manager,Maia_Lewis6373@corti.com,California
15,Blake,Young,Project Manager,Blake_Young5349@deons.tech,Michigan
16,Sara,Faulkner,Business Broker,Sara_Faulkner5404@zorer.org,Oregon
17,Caitlyn,Morgan,Ambulatory Nurse,Caitlyn_Morgan2055@bulaffy.com,New Hampshire
18,Gil,Flynn,Pharmacist,Gil_Flynn7175@qater.org,Vermont
19,Jack,Styles,Healthcare Specialist,Jack_Styles858@hourpy.biz,Ohio
20,Julius,Robinson,Audiologist,Julius_Robinson5591@nanoff.biz,Arizona
21,Destiny,Yard,Pharmacist,Destiny_Yard1755@guentu.biz,New Jersey
22,Anne,Rehman,Chef Manager,Anne_Rehman5731@naiker.biz,Mississippi
23,Rocco,Cassidy,Stockbroker,Rocco_Cassidy2428@atink.com,Wyoming
24,Nicholas,Wilcox,IT Support Staff,Nicholas_Wilcox400@dionrab.com,Massachusetts
25,Gwen,Shea,Call Center Representative,Gwen_Shea7475@deons.tech,Montana
